{
  "properties": {
    "connectionReferences": {
      "shared_commondataserviceforapps": {
        "runtimeSource": "embedded",
        "connection": {
          "connectionReferenceLogicalName": "hil_sharedcommondataserviceforapps_0a94d"
        },
        "api": {
          "name": "shared_commondataserviceforapps"
        }
      }
    },
    "definition": {
      "$schema": "https://schema.management.azure.com/providers/Microsoft.Logic/schemas/2016-06-01/workflowdefinition.json#",
      "contentVersion": "1.0.0.0",
      "parameters": {
        "$connections": {
          "defaultValue": {},
          "type": "Object"
        },
        "$authentication": {
          "defaultValue": {},
          "type": "SecureObject"
        }
      },
      "triggers": {
        "Recurrence": {
          "recurrence": {
            "frequency": "Day",
            "interval": 1,
            "startTime": "2023-02-26T02:00:00Z"
          },
          "metadata": {
            "operationMetadataId": "76a76c5f-ee6a-4ebd-9978-86835033283b"
          },
          "type": "Recurrence"
        }
      },
      "actions": {
        "Get_Cars_with_Recurring_Expenses": {
          "runAfter": {},
          "metadata": {
            "operationMetadataId": "8084cf2b-6100-42d2-8206-7a04f151690d"
          },
          "type": "OpenApiConnection",
          "inputs": {
            "host": {
              "connectionName": "shared_commondataserviceforapps",
              "operationId": "ListRecords",
              "apiId": "/providers/Microsoft.PowerApps/apis/shared_commondataserviceforapps"
            },
            "parameters": {
              "entityName": "hil_cars",
              "fetchXml": "<fetch version=\"1.0\" output-format=\"xml-platform\" mapping=\"logical\" distinct=\"true\">\n  <entity name=\"hil_car\">\n    <attribute name=\"hil_carid\" />\n    <attribute name=\"hil_name\" />\n    <attribute name=\"hil_firstregistration\" />\n    <attribute name=\"hil_identifier\" />\n    <attribute name=\"hil_manufacturercode\" />\n    <attribute name=\"hil_typecode\" />\n    <attribute name=\"hil_powersource\" />\n    <order attribute=\"hil_name\" descending=\"false\" />\n    <filter type=\"and\">\n      <condition attribute=\"statecode\" operator=\"eq\" value=\"0\" />\n    </filter>\n    <link-entity name=\"hil_vehicleexpenses\" from=\"hil_carid\" to=\"hil_carid\" link-type=\"inner\" alias=\"al\">\n      <filter type=\"and\">\n        <condition attribute=\"hil_recurrence\" operator=\"eq\" value=\"1\" />\n        <condition attribute=\"statecode\" operator=\"eq\" value=\"0\" />\n      </filter>\n    </link-entity>\n  </entity>\n</fetch>"
            },
            "authentication": "@parameters('$authentication')"
          }
        },
        "For_all_Cars": {
          "foreach": "@outputs('Get_Cars_with_Recurring_Expenses')?['body/value']",
          "actions": {
            "Get_Recurring_Expenses": {
              "runAfter": {},
              "metadata": {
                "operationMetadataId": "8f8d2cb1-c562-4318-8748-e60428d42d21"
              },
              "type": "OpenApiConnection",
              "inputs": {
                "host": {
                  "connectionName": "shared_commondataserviceforapps",
                  "operationId": "ListRecords",
                  "apiId": "/providers/Microsoft.PowerApps/apis/shared_commondataserviceforapps"
                },
                "parameters": {
                  "entityName": "hil_vehicleexpenseses",
                  "fetchXml": "<fetch version=\"1.0\" output-format=\"xml-platform\" mapping=\"logical\" distinct=\"false\">\n  <entity name=\"hil_vehicleexpenses\">\n    <attribute name=\"hil_vehicleexpensesid\" />\n    <attribute name=\"hil_expensename\" />\n    <attribute name=\"hil_carid\" />\n    <attribute name=\"hil_expensedateonly\" />\n    <attribute name=\"hil_expenseamount\" />\n    <attribute name=\"hil_recurrence\" />\n    <attribute name=\"hil_reoccurenceintervall\" />\n    <order attribute=\"hil_expensename\" descending=\"false\" />\n    <filter type=\"and\">\n      <condition attribute=\"hil_carid\" operator=\"eq\" uitype=\"hil_car\" value=\"{@{items('For_all_Cars')?['hil_carid']}}\" />\n      <condition attribute=\"statecode\" operator=\"eq\" value=\"0\" />\n      <condition attribute=\"hil_recurrence\" operator=\"eq\" value=\"1\" />\n    </filter>\n  </entity>\n</fetch>"
                },
                "authentication": "@parameters('$authentication')"
              }
            },
            "Add_Expense_Line": {
              "foreach": "@outputs('Get_Recurring_Expenses')?['body/value']",
              "actions": {
                "Switch_on_Recurrence_Interval": {
                  "runAfter": {},
                  "cases": {
                    "Daily": {
                      "case": 0,
                      "actions": {
                        "Add_a_day": {
                          "runAfter": {},
                          "type": "SetVariable",
                          "inputs": {
                            "name": "Next Expense Date",
                            "value": "@{adddays(items('Add_Expense_Line')?['hil_expensedateonly'],1)}"
                          }
                        }
                      }
                    },
                    "Weekly": {
                      "case": 1,
                      "actions": {
                        "Add_one_week": {
                          "runAfter": {},
                          "type": "SetVariable",
                          "inputs": {
                            "name": "Next Expense Date",
                            "value": "@{adddays(items('Add_Expense_Line')?['hil_expensedateonly'],7)}"
                          }
                        }
                      }
                    },
                    "Monthly": {
                      "case": 2,
                      "actions": {
                        "Add_a_month": {
                          "runAfter": {},
                          "type": "SetVariable",
                          "inputs": {
                            "name": "Next Expense Date",
                            "value": "@{adddays(items('Add_Expense_Line')?['hil_expensedateonly'],30)}"
                          }
                        }
                      }
                    },
                    "Yearly": {
                      "case": 3,
                      "actions": {
                        "Add_a_year": {
                          "runAfter": {},
                          "type": "SetVariable",
                          "inputs": {
                            "name": "Next Expense Date",
                            "value": "@{adddays(items('Add_Expense_Line')?['hil_expensedateonly'],365)}"
                          }
                        }
                      }
                    }
                  },
                  "default": {
                    "actions": {}
                  },
                  "expression": "@items('Add_Expense_Line')?['hil_reoccurenceintervall']",
                  "metadata": {
                    "operationMetadataId": "7dfa5208-969b-4e83-beeb-7351d54195b9"
                  },
                  "type": "Switch"
                },
                "Is_it_the_correct_date": {
                  "actions": {
                    "Add_a_new_Expense": {
                      "runAfter": {},
                      "metadata": {
                        "operationMetadataId": "031573f0-782c-47a8-ac12-fa50fb697b71"
                      },
                      "type": "OpenApiConnection",
                      "inputs": {
                        "host": {
                          "connectionName": "shared_commondataserviceforapps",
                          "operationId": "CreateRecord",
                          "apiId": "/providers/Microsoft.PowerApps/apis/shared_commondataserviceforapps"
                        },
                        "parameters": {
                          "entityName": "hil_vehicleexpenseses",
                          "item/hil_expensename": "@items('Add_Expense_Line')?['hil_vehicleexpensename']",
                          "item/hil_expenseamount": "@items('Add_Expense_Line')?['hil_expenseamount']",
                          "item/hil_expensedateonly": "@utcNow()",
                          "item/hil_recurrence": true,
                          "item/hil_reoccurenceintervall": "@items('Add_Expense_Line')?['hil_reoccurenceintervall']",
                          "item/hil_carid@odata.bind": "/hil_cars(@{items('Add_Expense_Line')?['hil_carid']})"
                        },
                        "authentication": "@parameters('$authentication')"
                      }
                    },
                    "Deactivate_Previous_Vehicle_Expense": {
                      "runAfter": {
                        "Add_a_new_Expense": [
                          "Succeeded"
                        ]
                      },
                      "metadata": {
                        "operationMetadataId": "0e095ec4-5559-43c9-b76e-aae9da60300b"
                      },
                      "type": "OpenApiConnection",
                      "inputs": {
                        "host": {
                          "connectionName": "shared_commondataserviceforapps",
                          "operationId": "UpdateRecord",
                          "apiId": "/providers/Microsoft.PowerApps/apis/shared_commondataserviceforapps"
                        },
                        "parameters": {
                          "entityName": "hil_vehicleexpenseses",
                          "recordId": "@items('Add_Expense_Line')?['hil_vehicleexpensesid']",
                          "item/statecode": 1,
                          "item/statuscode": 2
                        },
                        "authentication": "@parameters('$authentication')"
                      }
                    }
                  },
                  "runAfter": {
                    "Switch_on_Recurrence_Interval": [
                      "Succeeded"
                    ]
                  },
                  "expression": {
                    "equals": [
                      "@formatDateTime(variables('Next Expense Date'),'dd.MM.yyyy')",
                      "@formatDateTime(utcNow(),'dd.MM.yyyy')"
                    ]
                  },
                  "metadata": {
                    "operationMetadataId": "91a886ea-8bcd-4578-8cf0-01009e525324"
                  },
                  "type": "If"
                }
              },
              "runAfter": {
                "Get_Recurring_Expenses": [
                  "Succeeded"
                ]
              },
              "metadata": {
                "operationMetadataId": "847e5d5e-c49b-410b-a501-c3b84064f707"
              },
              "type": "Foreach"
            }
          },
          "runAfter": {
            "var_str_planned_expense_date": [
              "Succeeded"
            ]
          },
          "metadata": {
            "operationMetadataId": "7562e801-7869-44bf-a6e5-2b47ee46e655"
          },
          "type": "Foreach"
        },
        "var_str_planned_expense_date": {
          "runAfter": {
            "Get_Cars_with_Recurring_Expenses": [
              "Succeeded"
            ]
          },
          "metadata": {
            "operationMetadataId": "078b838f-83f5-4d1a-b8c1-7634c0f521d2"
          },
          "type": "InitializeVariable",
          "inputs": {
            "variables": [
              {
                "name": "Next Expense Date",
                "type": "string"
              }
            ]
          }
        }
      }
    },
    "templateName": ""
  },
  "schemaVersion": "1.0.0.0"
}