<ImportExportXml version="9.2.23024.174" SolutionPackageVersion="9.2" languagecode="1033" generatedBy="CrmLive" xmlns:xsi="http://www.w3.org/2001/XMLSchema-instance">
  <SolutionManifest>
    <UniqueName>DriversLogbook</UniqueName>
    <LocalizedNames>
      <LocalizedName description="Driver's Logbook" languagecode="1033" />
    </LocalizedNames>
    <Descriptions>
      <Description description="Solution to log your drives and get insight on your sconsumption." languagecode="1033" />
    </Descriptions>
    <Version>1.0.0.0</Version>
    <Managed>1</Managed>
    <Publisher>
      <UniqueName>Sabrina_Hilmer</UniqueName>
      <LocalizedNames>
        <LocalizedName description="SabrinaHilmer" languagecode="1033" />
      </LocalizedNames>
      <Descriptions />
      <EMailAddress>admin@sabrinahilmer.com</EMailAddress>
      <SupportingWebsiteUrl xsi:nil="true"></SupportingWebsiteUrl>
      <CustomizationPrefix>hil</CustomizationPrefix>
      <CustomizationOptionValuePrefix>80911</CustomizationOptionValuePrefix>
      <Addresses>
        <Address>
          <AddressNumber>1</AddressNumber>
          <AddressTypeCode>1</AddressTypeCode>
          <City xsi:nil="true"></City>
          <County xsi:nil="true"></County>
          <Country>Germany</Country>
          <Fax xsi:nil="true"></Fax>
          <FreightTermsCode xsi:nil="true"></FreightTermsCode>
          <ImportSequenceNumber xsi:nil="true"></ImportSequenceNumber>
          <Latitude xsi:nil="true"></Latitude>
          <Line1 xsi:nil="true"></Line1>
          <Line2 xsi:nil="true"></Line2>
          <Line3 xsi:nil="true"></Line3>
          <Longitude xsi:nil="true"></Longitude>
          <Name xsi:nil="true"></Name>
          <PostalCode xsi:nil="true"></PostalCode>
          <PostOfficeBox xsi:nil="true"></PostOfficeBox>
          <PrimaryContactName xsi:nil="true"></PrimaryContactName>
          <ShippingMethodCode>1</ShippingMethodCode>
          <StateOrProvince xsi:nil="true"></StateOrProvince>
          <Telephone1>015150356905</Telephone1>
          <Telephone2 xsi:nil="true"></Telephone2>
          <Telephone3 xsi:nil="true"></Telephone3>
          <TimeZoneRuleVersionNumber xsi:nil="true"></TimeZoneRuleVersionNumber>
          <UPSZone xsi:nil="true"></UPSZone>
          <UTCOffset xsi:nil="true"></UTCOffset>
          <UTCConversionTimeZoneCode xsi:nil="true"></UTCConversionTimeZoneCode>
        </Address>
        <Address>
          <AddressNumber>2</AddressNumber>
          <AddressTypeCode>1</AddressTypeCode>
          <City xsi:nil="true"></City>
          <County xsi:nil="true"></County>
          <Country xsi:nil="true"></Country>
          <Fax xsi:nil="true"></Fax>
          <FreightTermsCode xsi:nil="true"></FreightTermsCode>
          <ImportSequenceNumber xsi:nil="true"></ImportSequenceNumber>
          <Latitude xsi:nil="true"></Latitude>
          <Line1 xsi:nil="true"></Line1>
          <Line2 xsi:nil="true"></Line2>
          <Line3 xsi:nil="true"></Line3>
          <Longitude xsi:nil="true"></Longitude>
          <Name xsi:nil="true"></Name>
          <PostalCode xsi:nil="true"></PostalCode>
          <PostOfficeBox xsi:nil="true"></PostOfficeBox>
          <PrimaryContactName xsi:nil="true"></PrimaryContactName>
          <ShippingMethodCode>1</ShippingMethodCode>
          <StateOrProvince xsi:nil="true"></StateOrProvince>
          <Telephone1 xsi:nil="true"></Telephone1>
          <Telephone2 xsi:nil="true"></Telephone2>
          <Telephone3 xsi:nil="true"></Telephone3>
          <TimeZoneRuleVersionNumber xsi:nil="true"></TimeZoneRuleVersionNumber>
          <UPSZone xsi:nil="true"></UPSZone>
          <UTCOffset xsi:nil="true"></UTCOffset>
          <UTCConversionTimeZoneCode xsi:nil="true"></UTCConversionTimeZoneCode>
        </Address>
      </Addresses>
    </Publisher>
    <RootComponents>
      <RootComponent type="1" schemaName="hil_car" behavior="0" />
      <RootComponent type="1" schemaName="hil_travellog" behavior="0" />
      <RootComponent type="1" schemaName="hil_vehicleexpenses" behavior="0" />
      <RootComponent type="9" schemaName="hil_carpowersource" behavior="0" />
      <RootComponent type="9" schemaName="hil_chargingfacility" behavior="0" />
      <RootComponent type="29" id="{9599ce48-56b5-ed11-b597-0022486f42ec}" behavior="0" />
      <RootComponent type="29" id="{ec6a8879-5db5-ed11-b596-000d3a83c431}" behavior="0" />
      <RootComponent type="61" schemaName="hil_icon_car" behavior="0" />
      <RootComponent type="61" schemaName="hil_icon_expenses" behavior="0" />
      <RootComponent type="61" schemaName="hil_icon_travellog" behavior="0" />
      <RootComponent type="300" schemaName="hil_driverslogbook_bb01f" behavior="0" />
      <RootComponent type="431" schemaName="hil_car hil_image" behavior="0" />
      <RootComponent type="432" schemaName="hil_car" behavior="0" />
    </RootComponents>
    <MissingDependencies>
      <MissingDependency>
        <Required type="9" schemaName="repeatpattern_options" displayName="Repeat" solution="msdynce_ActivitiesPatch (9.0.23024.230217001)" />
        <Dependent type="2" schemaName="hil_reoccurenceintervall" displayName="Reoccurence Intervall" parentSchemaName="hil_vehicleexpenses" parentDisplayName="Vehicle Expenses" />
      </MissingDependency>
      <MissingDependency>
        <Required type="connectionreference" displayName="hil_sharedcommondataserviceforapps_0a94d" solution="Active" id.connectionreferencelogicalname="hil_sharedcommondataserviceforapps_0a94d" />
        <Dependent type="29" displayName="Scheduled.VehicleExpenses.Recurring" id="{ec6a8879-5db5-ed11-b596-000d3a83c431}" />
      </MissingDependency>
    </MissingDependencies>
  </SolutionManifest>
</ImportExportXml>